Number of Epochs,200.0
Fit Time,777.0356397628784
Test Accuracy,0.9386106729507446
Test Loss,0.2611352503299713
